Name,Organization,Projects,First collaboration,Country,State,City
Jim Walker,Massachusetts General Hospital,NF1 CP,2022,United States,Massachusetts,Boston
Michelle Mattson-Hoss,Infixion Bioscience,NF1 CP,2022,United States,California,San Diego
Jaime Cheah,Broad Institute,ALSF/NF1 CP,2023,United States,Massachusetts,Boston
Jackie Taroni,Alex's Lemonade Stand,ALSF,2023,United States,Philadelphia,Pennsylvania
Tim McKinsey,University of Colorado,CFReT,2022,United States,Colorado,Denver
Adam Durbin,St. Jude,ALSF,2023,United States,Memphis,Tennessee
Alexandre Colas,Sanford Burnham Prebys,Cell Reprograming,2024,United States,San Diego,California
Kate Alexander,Cold Spring Harbor,Nuclear Speckles,2024,United States,New York,Cold Spring Harbor
Alice Soragni,UCLA,NF1 Organoid,2023,United States,California,Los Angeles
Sara Gosline,PNNL,NF1 Organoid,2023,United States,Washington,Seattle
Felix Lavoie-Perusse,Saguaro,Cell Death,2023,Canada,Quebec,Montreal
Simon Mathien,University of Montreal,Cell Death,2023,Canada,Quebec,Montreal
Carla Basualto,Universidad de Aysen,Interstellar/Cell Death,2022,Chile,Coihaique,Aysen
Masafumi Tsuboi,University of Tokyo,Interstellar/Cell Death,2022,Japan,Tokyo,Tokyo
Milad Dagher,Nomic Bio,Interstellar/Cell Death,2023,Canada,Quebec,Montreal
Ralf Schwandner,Assay.Works,Interstellar/Cell Death,2023,Germany,Bavaria,Regensburg
Adam Green,University of Colorado,Gene process dependencies,2024,United States,Colorado,Denver
